                               TEST NAME, INSTRUCTIONS,     BRANCHES,       IPC,       IPB, ADDR RATE,  DIR RATE
               anagram_percept-1-512-128,     25597558,      3778374,    2.1857,    6.7748,    0.9610,    0.9611
                 go_percept-1024-256-128,    545811932,     73904302,    1.2612,    7.3854,    0.7344,    0.7443
           compress95_percept-64-1024-64,        88124,         5205,    1.8037,   16.9306,    0.9493,    0.9758
                   go_percept-64-512-128,    545811932,     73904302,    1.2778,    7.3854,    0.7497,    0.7595
                   gcc_percept-1-1024-64,    337341100,     58872883,    1.1890,    5.7300,    0.8357,    0.8632
                gcc_percept-1024-256-128,    337341100,     58872883,    1.1521,    5.7300,    0.8058,    0.8335
            compress95_percept-1-2048-32,        88124,         5205,    1.8037,   16.9306,    0.9493,    0.9758
          compress95_percept-1024-512-64,        88124,         5205,    1.8042,   16.9306,    0.9497,    0.9758
                   go_percept-64-1024-64,    545811932,     73904302,    1.2733,    7.3854,    0.7484,    0.7580
              anagram_percept-64-512-128,     25597558,      3778374,    2.1857,    6.7748,    0.9610,    0.9611
             anagram_percept-1024-512-64,     25597558,      3778374,    2.1854,    6.7748,    0.9609,    0.9611
                    go_percept-1-1024-64,    545811932,     73904302,    1.2733,    7.3854,    0.7484,    0.7580
                  go_percept-1024-512-64,    545811932,     73904302,    1.2603,    7.3854,    0.7371,    0.7468
               anagram_percept-1-2048-32,     25597558,      3778374,    2.1878,    6.7748,    0.9616,    0.9618
                  gcc_percept-64-2048-32,    337341100,     58872883,    1.1929,    5.7300,    0.8399,    0.8676
         compress95_percept-1024-256-128,        88124,         5205,    1.8021,   16.9306,    0.9493,    0.9796
                  gcc_percept-64-512-128,    337341100,     58872883,    1.1760,    5.7300,    0.8244,    0.8520
            compress95_percept-1-512-128,        88124,         5205,    1.8042,   16.9306,    0.9497,    0.9758
                   go_percept-64-2048-32,    545811932,     73904302,    1.2847,    7.3854,    0.7558,    0.7653
                gcc_percept-1024-1024-32,    337341100,     58872883,    1.1753,    5.7300,    0.8263,    0.8539
            anagram_percept-1024-256-128,     25597558,      3778374,    2.1851,    6.7748,    0.9607,    0.9608
                    go_percept-1-2048-32,    545811932,     73904302,    1.2847,    7.3854,    0.7558,    0.7653
           compress95_percept-64-512-128,        88124,         5205,    1.8042,   16.9306,    0.9497,    0.9758
                  gcc_percept-64-1024-64,    337341100,     58872883,    1.1890,    5.7300,    0.8357,    0.8632
              anagram_percept-64-2048-32,     25597558,      3778374,    2.1878,    6.7748,    0.9616,    0.9618
                   gcc_percept-1-2048-32,    337341100,     58872883,    1.1929,    5.7300,    0.8399,    0.8676
               anagram_percept-1-1024-64,     25597558,      3778374,    2.1877,    6.7748,    0.9616,    0.9618
                   gcc_percept-1-512-128,    337341100,     58872883,    1.1760,    5.7300,    0.8244,    0.8520
           compress95_percept-64-2048-32,        88124,         5205,    1.8037,   16.9306,    0.9493,    0.9758
                    go_percept-1-512-128,    545811932,     73904302,    1.2778,    7.3854,    0.7497,    0.7595
                 go_percept-1024-1024-32,    545811932,     73904302,    1.2595,    7.3854,    0.7381,    0.7476
         compress95_percept-1024-1024-32,        88124,         5205,    1.8037,   16.9306,    0.9493,    0.9758
            anagram_percept-1024-1024-32,     25597558,      3778374,    2.1877,    6.7748,    0.9616,    0.9618
                 gcc_percept-1024-512-64,    337341100,     58872883,    1.1649,    5.7300,    0.8172,    0.8448
            compress95_percept-1-1024-64,        88124,         5205,    1.8037,   16.9306,    0.9493,    0.9758
              anagram_percept-64-1024-64,     25597558,      3778374,    2.1877,    6.7748,    0.9616,    0.9618
     compress95_combined-1024-65536-17-0,        88124,         5205,    1.8077,   16.9306,    0.9529,    0.9708
             go_combined-1024-65536-12-0,    545811932,     73904302,    1.3882,    7.3854,    0.8177,    0.8267
              go_two-level-64-65536-12-0,    545811932,     73904302,    1.2923,    7.3854,    0.7447,    0.7560
                        compress95_2-bit,        88124,         5205,    1.8057,   16.9306,    0.9525,    0.9718
                      compress95_perfect,        88124,         5205,    1.8513,   16.9306,  100.0000,  100.0000
                               gcc_2-bit,    337341100,     58872883,    1.2343,    5.7300,    0.8661,    0.8932
          anagram_two-level-1-65536-12-0,     25597558,      3778374,    2.2586,    6.7748,    0.9752,    0.9756
          anagram_two-level-1-65536-17-0,     25597558,      3778374,    1.6417,    6.7748,    0.7876,    0.7878
        anagram_combined-1024-65536-12-0,     25597558,      3778374,    2.2212,    6.7748,    0.9669,    0.9670
       compress95_two-level-1-65536-17-0,        88124,         5205,    1.8015,   16.9306,    0.9410,    0.9668
                             gcc_perfect,    337341100,     58872883,    1.4753,    5.7300,  100.0000,  100.0000
                go_combined-1-65536-17-0,    545811932,     73904302,    1.3850,    7.3854,    0.8180,    0.8273
           anagram_combined-1-65536-17-0,     25597558,      3778374,    2.2583,    6.7748,    0.9752,    0.9753
             gcc_two-level-64-65536-17-0,    337341100,     58872883,    1.1468,    5.7300,    0.7936,    0.8217
      compress95_two-level-64-65536-12-0,        88124,         5205,    1.8053,   16.9306,    0.9522,    0.9762
            go_two-level-1024-65536-17-0,    545811932,     73904302,    1.3680,    7.3854,    0.8027,    0.8123
       compress95_combined-64-65536-12-0,        88124,         5205,    1.8054,   16.9306,    0.9550,    0.9746
               gcc_combined-1-65536-12-0,    337341100,     58872883,    1.3051,    5.7300,    0.9057,    0.9333
                           anagram_2-bit,     25597558,      3778374,    2.1871,    6.7748,    0.9613,    0.9614
           gcc_two-level-1024-65536-12-0,    337341100,     58872883,    1.2512,    5.7300,    0.8712,    0.8984
            gcc_combined-1024-65536-12-0,    337341100,     58872883,    1.2721,    5.7300,    0.8862,    0.9132
               go_combined-64-65536-17-0,    545811932,     73904302,    1.3581,    7.3854,    0.8010,    0.8100
               gcc_combined-1-65536-17-0,    337341100,     58872883,    1.2731,    5.7300,    0.8872,    0.9147
        compress95_combined-1-65536-17-1,        88124,         5205,    1.8076,   16.9306,    0.9554,    0.9748
          anagram_combined-64-65536-17-0,     25597558,      3778374,    2.2175,    6.7748,    0.9663,    0.9664
             go_combined-1024-65536-17-0,    545811932,     73904302,    1.3842,    7.3854,    0.8155,    0.8245
         anagram_two-level-64-65536-17-0,     25597558,      3778374,    2.2027,    6.7748,    0.9627,    0.9630
            gcc_combined-1024-65536-17-0,    337341100,     58872883,    1.2705,    5.7300,    0.8854,    0.9124
              go_two-level-64-65536-17-0,    545811932,     73904302,    1.2780,    7.3854,    0.7348,    0.7462
              gcc_combined-64-65536-12-0,    337341100,     58872883,    1.2596,    5.7300,    0.8790,    0.9061
       compress95_two-level-1-65536-12-0,        88124,         5205,    1.8055,   16.9306,    0.9474,    0.9727
                                go_2-bit,    545811932,     73904302,    1.3212,    7.3854,    0.7822,    0.7912
              gcc_combined-64-65536-17-0,    337341100,     58872883,    1.2551,    5.7300,    0.8765,    0.9037
              gcc_two-level-1-65536-12-0,    337341100,     58872883,    1.2641,    5.7300,    0.8770,    0.9061
          anagram_two-level-1-65536-17-1,     25597558,      3778374,    2.2598,    6.7748,    0.9757,    0.9758
               gcc_combined-1-65536-17-1,    337341100,     58872883,    1.3058,    5.7300,    0.9056,    0.9331
               go_two-level-1-65536-17-1,    545811932,     73904302,    1.3827,    7.3854,    0.8044,    0.8167
               go_combined-64-65536-12-0,    545811932,     73904302,    1.3643,    7.3854,    0.8043,    0.8133
         anagram_two-level-64-65536-12-0,     25597558,      3778374,    2.2079,    6.7748,    0.9639,    0.9641
        compress95_combined-1-65536-12-0,        88124,         5205,    1.8075,   16.9306,    0.9537,    0.9750
       compress95_two-level-1-65536-17-1,        88124,         5205,    1.7946,   16.9306,    0.9435,    0.9677
          anagram_combined-64-65536-12-0,     25597558,      3778374,    2.2191,    6.7748,    0.9665,    0.9666
                go_combined-1-65536-17-1,    545811932,     73904302,    1.4323,    7.3854,    0.8416,    0.8508
           anagram_combined-1-65536-17-1,     25597558,      3778374,    2.2665,    6.7748,    0.9771,    0.9772
    compress95_two-level-1024-65536-17-0,        88124,         5205,    1.8073,   16.9306,    0.9502,    0.9729
      compress95_two-level-64-65536-17-0,        88124,         5205,    1.8062,   16.9306,    0.9495,    0.9714
           gcc_two-level-1024-65536-17-0,    337341100,     58872883,    1.2493,    5.7300,    0.8701,    0.8973
       anagram_two-level-1024-65536-17-0,     25597558,      3778374,    2.2139,    6.7748,    0.9654,    0.9655
                              go_perfect,    545811932,     73904302,    1.7619,    7.3854,  100.0000,  100.0000
       compress95_combined-64-65536-17-0,        88124,         5205,    1.8068,   16.9306,    0.9529,    0.9696
        anagram_combined-1024-65536-17-0,     25597558,      3778374,    2.2200,    6.7748,    0.9667,    0.9668
                go_combined-1-65536-12-0,    545811932,     73904302,    1.4439,    7.3854,    0.8481,    0.8574
        compress95_combined-1-65536-17-0,        88124,         5205,    1.8066,   16.9306,    0.9535,    0.9748
              gcc_two-level-1-65536-17-0,    337341100,     58872883,    1.1048,    5.7300,    0.7632,    0.7930
           anagram_combined-1-65536-12-0,     25597558,      3778374,    2.2644,    6.7748,    0.9769,    0.9770
    compress95_two-level-1024-65536-12-0,        88124,         5205,    1.8051,   16.9306,    0.9531,    0.9756
                         anagram_perfect,     25597558,      3778374,    2.3759,    6.7748,  100.0000,  100.0000
               go_two-level-1-65536-12-0,    545811932,     73904302,    1.4149,    7.3854,    0.8264,    0.8381
               go_two-level-1-65536-17-0,    545811932,     73904302,    1.2705,    7.3854,    0.7393,    0.7534
              gcc_two-level-1-65536-17-1,    337341100,     58872883,    1.2562,    5.7300,    0.8714,    0.9004
            go_two-level-1024-65536-12-0,    545811932,     73904302,    1.3745,    7.3854,    0.8063,    0.8159
       anagram_two-level-1024-65536-12-0,     25597558,      3778374,    2.2172,    6.7748,    0.9660,    0.9661
             gcc_two-level-64-65536-12-0,    337341100,     58872883,    1.1606,    5.7300,    0.8039,    0.8320
     compress95_combined-1024-65536-12-0,        88124,         5205,    1.8053,   16.9306,    0.9562,    0.9748
                 mcf_percept-1024-512-64,    200000000,     32208613,    1.0362,    6.2095,    0.9206,    0.9210
                          parser_percept,     50000001,     11859003,    1.1804,    4.2162,    0.6838,    0.7488
               vortex_percept-64-2048-32,    200000000,     32205804,    1.3430,    6.2101,    0.9657,    0.9712
                 mgrid_percept-1-512-128,    200000000,      4837266,    1.5035,   41.3457,    0.9859,    0.9859
                            ammp_percept,     50000002,     10243145,    0.6306,    4.8813,    0.8788,    0.8808
                equake_percept-1-2048-32,    200000003,     33049974,    1.7771,    6.0514,    0.9556,    0.9556
                  vpr_percept-64-2048-32,    200000002,     21488105,    1.6374,    9.3075,    0.8649,    0.8650
                   vpr_percept-1-1024-64,    200000002,     21488105,    1.6364,    9.3075,    0.8641,    0.8641
              vortex_percept-1024-512-64,    200000000,     32205804,    1.3084,    6.2101,    0.9417,    0.9471
              mgrid_percept-1024-1024-32,    200000000,      4837266,    1.5035,   41.3457,    0.9851,    0.9851
                crafty_percept-1-1024-64,    200000003,     22871125,    1.2414,    8.7447,    0.8793,    0.8923
                  mcf_percept-64-1024-64,    200000000,     32208613,    1.0390,    6.2095,    0.9240,    0.9245
                 mgrid_percept-1-1024-64,    200000000,      4837266,    1.5035,   41.3457,    0.9859,    0.9860
                equake_percept-1-512-128,    200000003,     33049974,    1.7294,    6.0514,    0.9297,    0.9297
              twolf_percept-1024-256-128,    200000002,     23500991,    1.2769,    8.5103,    0.8100,    0.8149
                 mgrid_percept-1-2048-32,    200000000,      4837266,    1.5035,   41.3457,    0.9851,    0.9852
                   gap_percept-1-2048-32,    200000001,     13908511,    1.8581,   14.3797,    0.8944,    0.9156
                parser_percept-1-1024-64,    200000002,     46152440,    1.6149,    4.3335,    0.8965,    0.9301
                 ammp_percept-64-512-128,    200000001,     40594927,    0.7065,    4.9267,    0.9680,    0.9683
             vortex_percept-1024-256-128,    200000000,     32205804,    1.2775,    6.2101,    0.9195,    0.9250
                vpr_percept-1024-1024-32,    200000002,     21488105,    1.6355,    9.3075,    0.8638,    0.8639
               crafty_percept-64-2048-32,    200000003,     22871125,    1.2480,    8.7447,    0.8893,    0.9020
                 apsi_percept-64-2048-32,    200000003,     22036673,    0.8911,    9.0758,    0.9861,    0.9864
                   vpr_percept-1-512-128,    200000002,     21488105,    1.6341,    9.3075,    0.8622,    0.8622
                parser_percept-1-2048-32,    200000002,     46152440,    1.6189,    4.3335,    0.8975,    0.9302
                parser_percept-1-512-128,    200000002,     46152440,    1.6095,    4.3335,    0.8950,    0.9278
               mesa_percept-1024-1024-32,    200000002,     32911843,    1.9203,    6.0768,    0.9624,    0.9624
                equake_percept-1-1024-64,    200000003,     33049974,    1.7699,    6.0514,    0.9505,    0.9505
                   gcc_percept-1-1024-64,    200000001,     32207148,    1.2331,    6.2098,    0.8349,    0.8634
               apsi_percept-1024-1024-32,    200000003,     22036673,    0.8881,    9.0758,    0.9784,    0.9788
                gcc_percept-1024-256-128,    200000001,     32207148,    1.1932,    6.2098,    0.8011,    0.8295
                          crafty_percept,     50000003,      5726198,    1.1218,    8.7318,    0.7380,    0.7535
               twolf_percept-1024-512-64,    200000002,     23500991,    1.2868,    8.5103,    0.8202,    0.8254
               crafty_percept-64-512-128,    200000003,     22871125,    1.2266,    8.7447,    0.8590,    0.8728
                             gcc_percept,     50000001,      7956474,    1.0611,    6.2842,    0.6827,    0.7169
             equake_percept-1024-256-128,    200000001,     33049973,    1.6723,    6.0514,    0.9060,    0.9060
             crafty_percept-1024-256-128,    200000003,     22871125,    1.2106,    8.7447,    0.8423,    0.8563
                   vpr_percept-1-2048-32,    200000002,     21488105,    1.6374,    9.3075,    0.8649,    0.8650
                 gap_percept-1024-512-64,    200000001,     13908511,    1.8465,   14.3797,    0.8862,    0.9077
                twolf_percept-64-512-128,    200000002,     23500991,    1.2960,    8.5103,    0.8281,    0.8328
                twolf_percept-64-1024-64,    200000002,     23500991,    1.3061,    8.5103,    0.8395,    0.8433
                 mesa_percept-64-1024-64,    200000002,     32911843,    1.9223,    6.0768,    0.9631,    0.9631
                          vortex_percept,     50000001,      7893819,    1.2501,    6.3341,    0.8108,    0.8162
                  mcf_percept-64-2048-32,    200000000,     32208613,    1.0390,    6.2095,    0.9243,    0.9247
                 twolf_percept-1-1024-64,    200000002,     23500991,    1.3061,    8.5103,    0.8395,    0.8433
                           twolf_percept,     50000000,      6836121,    1.3256,    7.3141,    0.7520,    0.7569
               parser_percept-64-2048-32,    200000002,     46152440,    1.6189,    4.3335,    0.8975,    0.9302
                          equake_percept,     50000003,      8255501,    1.5228,    6.0566,    0.8338,    0.8339
                 gzip_percept-64-512-128,    200000001,     19542605,    1.8057,   10.2341,    0.9050,    0.9087
                  gcc_percept-64-2048-32,    200000001,     32207148,    1.2405,    6.2098,    0.8412,    0.8697
                 twolf_percept-1-2048-32,    200000002,     23500991,    1.3012,    8.5103,    0.8372,    0.8420
                  gap_percept-64-2048-32,    200000001,     13908511,    1.8581,   14.3797,    0.8944,    0.9156
              twolf_percept-1024-1024-32,    200000002,     23500991,    1.2887,    8.5103,    0.8233,    0.8281
                 gzip_percept-64-2048-32,    200000001,     19542605,    1.7999,   10.2341,    0.9028,    0.9065
                  apsi_percept-1-2048-32,    200000003,     22036673,    0.8911,    9.0758,    0.9861,    0.9864
                gzip_percept-1024-512-64,    200000001,     19542605,    1.8022,   10.2341,    0.9036,    0.9073
                  mesa_percept-1-512-128,    200000002,     32911843,    1.8777,    6.0768,    0.9480,    0.9480
                 mesa_percept-64-2048-32,    200000002,     32911843,    1.9160,    6.0768,    0.9624,    0.9624
                vpr_percept-1024-256-128,    200000002,     21488105,    1.6296,    9.3075,    0.8604,    0.8604
               gzip_percept-1024-256-128,    200000001,     19542605,    1.8013,   10.2341,    0.8999,    0.9030
               equake_percept-64-2048-32,    200000003,     33049974,    1.7771,    6.0514,    0.9556,    0.9556
                mgrid_percept-64-512-128,    200000000,      4837266,    1.5035,   41.3457,    0.9859,    0.9859
                   mcf_percept-1-512-128,    200000000,     32208613,    1.0366,    6.2095,    0.9214,    0.9218
               mgrid_percept-1024-512-64,    200000000,      4837266,    1.5035,   41.3457,    0.9858,    0.9859
                  ammp_percept-1-2048-32,    200000001,     40594927,    0.7096,    4.9267,    0.9735,    0.9739
                vortex_percept-1-512-128,    200000000,     32205804,    1.3114,    6.2101,    0.9448,    0.9501
                  gcc_percept-64-512-128,    200000001,     32207148,    1.2206,    6.2098,    0.8228,    0.8513
               parser_percept-64-1024-64,    200000002,     46152440,    1.6149,    4.3335,    0.8965,    0.9301
             parser_percept-1024-256-128,    200000002,     46152440,    1.6075,    4.3335,    0.8943,    0.9271
              parser_percept-1024-512-64,    200000002,     46152440,    1.6028,    4.3335,    0.8932,    0.9271
                             vpr_percept,     50000003,      5370900,    1.4060,    9.3094,    0.6888,    0.6899
                gcc_percept-1024-1024-32,    200000001,     32207148,    1.2227,    6.2098,    0.8267,    0.8552
               vortex_percept-64-512-128,    200000000,     32205804,    1.3114,    6.2101,    0.9448,    0.9501
                  apsi_percept-1-512-128,    200000003,     22036673,    0.8865,    9.0758,    0.9749,    0.9753
               parser_percept-64-512-128,    200000002,     46152440,    1.6095,    4.3335,    0.8950,    0.9278
                  gzip_percept-1-2048-32,    200000001,     19542605,    1.7999,   10.2341,    0.9028,    0.9065
                  gzip_percept-1-512-128,    200000001,     19542605,    1.8057,   10.2341,    0.9050,    0.9087
                mesa_percept-1024-512-64,    200000002,     32911843,    1.8872,    6.0768,    0.9502,    0.9503
                twolf_percept-64-2048-32,    200000002,     23500991,    1.3012,    8.5103,    0.8372,    0.8420
                  gcc_percept-64-1024-64,    200000001,     32207148,    1.2331,    6.2098,    0.8349,    0.8634
                            mesa_percept,     50000003,      8228300,    1.6605,    6.0766,    0.8612,    0.8614
                vortex_percept-1-1024-64,    200000000,     32205804,    1.3316,    6.2101,    0.9577,    0.9631
                ammp_percept-1024-512-64,    200000001,     40594927,    0.7061,    4.9267,    0.9669,    0.9675
                   gap_percept-1-1024-64,    200000001,     13908511,    1.8555,   14.3797,    0.8928,    0.9141
                   mcf_percept-1-2048-32,    200000000,     32208613,    1.0390,    6.2095,    0.9243,    0.9247
                   gcc_percept-1-2048-32,    200000001,     32207148,    1.2405,    6.2098,    0.8412,    0.8697
               ammp_percept-1024-256-128,    200000001,     40594927,    0.7038,    4.9267,    0.9626,    0.9631
                 vpr_percept-1024-512-64,    200000002,     21488105,    1.6356,    9.3075,    0.8629,    0.8629
               mesa_percept-1024-256-128,    200000002,     32911843,    1.8466,    6.0768,    0.9388,    0.9388
                 apsi_percept-64-1024-64,    200000003,     22036673,    0.8885,    9.0758,    0.9795,    0.9798
              equake_percept-1024-512-64,    200000003,     33049974,    1.7149,    6.0514,    0.9267,    0.9267
                   gcc_percept-1-512-128,    200000001,     32207148,    1.2206,    6.2098,    0.8228,    0.8513
                  ammp_percept-1-1024-64,    200000001,     40594927,    0.7107,    4.9267,    0.9758,    0.9759
                vortex_percept-1-2048-32,    200000000,     32205804,    1.3430,    6.2101,    0.9657,    0.9712
              mgrid_percept-1024-256-128,    200000000,      4837266,    1.5034,   41.3457,    0.9858,    0.9859
                  gap_percept-64-1024-64,    200000001,     13908511,    1.8555,   14.3797,    0.8928,    0.9141
                            gzip_percept,     50000003,      4774399,    1.5467,   10.4725,    0.7519,    0.7583
               apsi_percept-1024-256-128,    200000003,     22036673,    0.8854,    9.0758,    0.9710,    0.9714
              crafty_percept-1024-512-64,    200000003,     22871125,    1.2190,    8.7447,    0.8519,    0.8661
                 twolf_percept-1-512-128,    200000002,     23500991,    1.2960,    8.5103,    0.8281,    0.8328
               crafty_percept-64-1024-64,    200000003,     22871125,    1.2414,    8.7447,    0.8793,    0.8923
                crafty_percept-1-512-128,    200000003,     22871125,    1.2266,    8.7447,    0.8590,    0.8728
                  mcf_percept-64-512-128,    200000000,     32208613,    1.0366,    6.2095,    0.9214,    0.9218
                   gap_percept-1-512-128,    200000001,     13908511,    1.8514,   14.3797,    0.8899,    0.9114
                 ammp_percept-64-1024-64,    200000001,     40594927,    0.7107,    4.9267,    0.9758,    0.9759
             equake_percept-1024-1024-32,    200000003,     33049974,    1.7654,    6.0514,    0.9499,    0.9499
                mcf_percept-1024-1024-32,    200000000,     32208613,    1.0389,    6.2095,    0.9239,    0.9243
                  vpr_percept-64-512-128,    200000002,     21488105,    1.6341,    9.3075,    0.8622,    0.8622
                             gap_percept,     50000002,      3537929,    1.9436,   14.1326,    0.9018,    0.9144
             parser_percept-1024-1024-32,    200000002,     46152440,    1.6120,    4.3335,    0.8958,    0.9298
                mgrid_percept-64-1024-64,    200000000,      4837266,    1.5035,   41.3457,    0.9859,    0.9860
                mgrid_percept-64-2048-32,    200000000,      4837266,    1.5035,   41.3457,    0.9851,    0.9852
               equake_percept-64-512-128,    200000003,     33049974,    1.7294,    6.0514,    0.9297,    0.9297
             vortex_percept-1024-1024-32,    200000000,     32205804,    1.3305,    6.2101,    0.9561,    0.9615
                  vpr_percept-64-1024-64,    200000002,     21488105,    1.6364,    9.3075,    0.8641,    0.8641
                  gap_percept-64-512-128,    200000001,     13908511,    1.8514,   14.3797,    0.8899,    0.9114
                gap_percept-1024-256-128,    200000001,     13908511,    1.8347,   14.3797,    0.8740,    0.8956
                 gcc_percept-1024-512-64,    200000001,     32207148,    1.2097,    6.2098,    0.8154,    0.8439
                  apsi_percept-1-1024-64,    200000003,     22036673,    0.8885,    9.0758,    0.9795,    0.9798
                   mcf_percept-1-1024-64,    200000000,     32208613,    1.0390,    6.2095,    0.9240,    0.9245
               gzip_percept-1024-1024-32,    200000001,     19542605,    1.8000,   10.2341,    0.9028,    0.9065
                  gzip_percept-1-1024-64,    200000001,     19542605,    1.8021,   10.2341,    0.9037,    0.9074
                  ammp_percept-1-512-128,    200000001,     40594927,    0.7065,    4.9267,    0.9680,    0.9683
                  mesa_percept-1-2048-32,    200000002,     32911843,    1.9160,    6.0768,    0.9624,    0.9624
               equake_percept-64-1024-64,    200000003,     33049974,    1.7699,    6.0514,    0.9505,    0.9505
             crafty_percept-1024-1024-32,    200000003,     22871125,    1.2343,    8.7447,    0.8721,    0.8852
                mcf_percept-1024-256-128,    200000000,     32208613,    1.0355,    6.2095,    0.9191,    0.9194
                 ammp_percept-64-2048-32,    200000001,     40594927,    0.7096,    4.9267,    0.9735,    0.9739
                apsi_percept-1024-512-64,    200000003,     22036673,    0.8846,    9.0758,    0.9722,    0.9726
                            apsi_percept,     50000002,      4455065,    1.8063,   11.2232,    0.9029,    0.9047
                 gzip_percept-64-1024-64,    200000001,     19542605,    1.8021,   10.2341,    0.9037,    0.9074
                gap_percept-1024-1024-32,    200000001,     13908511,    1.8525,   14.3797,    0.8903,    0.9115
                 apsi_percept-64-512-128,    200000003,     22036673,    0.8865,    9.0758,    0.9749,    0.9753
               vortex_percept-64-1024-64,    200000000,     32205804,    1.3316,    6.2101,    0.9577,    0.9631
                  mesa_percept-1-1024-64,    200000002,     32911843,    1.9223,    6.0768,    0.9631,    0.9631
                 mesa_percept-64-512-128,    200000002,     32911843,    1.8777,    6.0768,    0.9480,    0.9480
               ammp_percept-1024-1024-32,    200000001,     40594927,    0.7105,    4.9267,    0.9746,    0.9750
                crafty_percept-1-2048-32,    200000003,     22871125,    1.2480,    8.7447,    0.8893,    0.9020
              apsi_combined-1-65536-12-0,    200000003,     22036673,    0.8958,    9.0758,    0.9944,    0.9948
                               gcc_2-bit,     50000001,      7956474,    1.2435,    6.2842,    0.8579,    0.8911
                             vpr_perfect,     50000002,      5370900,    1.9083,    9.3094,  100.0000,  100.0000
             apsi_two-level-1-65536-17-1,    200000003,     22036673,    0.8960,    9.0758,    0.9949,    0.9953
            equake_combined-1-65536-12-0,    200000001,     33049973,    1.8918,    6.0514,    0.9869,    0.9869
                          apsi_two-level,     50000002,      4455065,    1.6188,   11.2232,    0.7201,    0.7221
           crafty_combined-64-65536-17-0,    200000003,     22871125,    1.2713,    8.7447,    0.9108,    0.9237
           apsi_combined-1024-65536-12-0,    200000003,     22036673,    0.8963,    9.0758,    0.9951,    0.9955
          ammp_two-level-1024-65536-12-0,    200000001,     40594927,    0.7194,    4.9267,    0.9878,    0.9880
         crafty_combined-1024-65536-17-0,    200000003,     22871125,    1.2799,    8.7447,    0.9200,    0.9328
              apsi_combined-1-65536-17-1,    200000003,     22036673,    0.8961,    9.0758,    0.9952,    0.9955
                           gzip_combined,     50000003,      4774399,    1.7851,   10.4725,    0.9113,    0.9167
                        vortex_two-level,     50000001,      7893819,    1.2407,    6.3341,    0.8320,    0.8374
                              apsi_2-bit,    200000003,     22036673,    0.8925,    9.0758,    0.9877,    0.9881
                        crafty_two-level,     50000003,      5726198,    1.1860,    8.7318,    0.8114,    0.8274
              ammp_combined-1-65536-12-0,    200000001,     40594927,    0.7192,    4.9267,    0.9891,    0.9897
                            crafty_2-bit,    200000003,     22871125,    1.2544,    8.7447,    0.8948,    0.9076
          apsi_two-level-1024-65536-17-0,    200000003,     22036673,    0.8962,    9.0758,    0.9948,    0.9952
                             gcc_perfect,     50000001,      7956474,    1.4692,    6.2842,  100.0000,  100.0000
          ammp_two-level-1024-65536-17-0,    200000001,     40594927,    0.7190,    4.9267,    0.9872,    0.9874
                             twolf_2-bit,     50000001,      6836122,    1.5067,    7.3141,    0.9003,    0.9026
                           vpr_two-level,     50000003,      5370900,    1.5423,    9.3094,    0.8022,    0.8028
            ammp_two-level-64-65536-12-0,    200000001,     40594927,    0.7074,    4.9267,    0.9648,    0.9665
                         crafty_combined,     50000003,      5726198,    1.2767,    8.7318,    0.9186,    0.9312
             ammp_combined-64-65536-12-0,    200000001,     40594927,    0.7174,    4.9267,    0.9840,    0.9845
           equake_two-level-1-65536-17-1,    200000001,     33049973,    1.8937,    6.0514,    0.9870,    0.9870
                          equake_perfect,    200000001,     33049973,    1.9056,    6.0514,  100.0000,  100.0000
            apsi_two-level-64-65536-17-0,    200000003,     22036673,    0.8949,    9.0758,    0.9919,    0.9923
             apsi_combined-64-65536-17-0,    200000003,     22036673,    0.8961,    9.0758,    0.9947,    0.9950
             ammp_two-level-1-65536-12-0,    200000001,     40594927,    0.7191,    4.9267,    0.9882,    0.9888
              ammp_combined-1-65536-17-0,    200000001,     40594927,    0.7165,    4.9267,    0.9836,    0.9844
                           mgrid_perfect,     50000000,       135093,    1.6252,  370.1154,  100.0000,  100.0000
           equake_combined-64-65536-12-0,    200000001,     33049973,    1.8912,    6.0514,    0.9859,    0.9859
            crafty_combined-1-65536-12-0,    200000003,     22871125,    1.3036,    8.7447,    0.9442,    0.9570
        equake_two-level-1024-65536-17-0,    200000001,     33049973,    1.8999,    6.0514,    0.9877,    0.9877
         equake_combined-1024-65536-12-0,    200000001,     33049973,    1.9057,    6.0514,    0.9892,    0.9892
                           lucas_perfect,     50000001,      2368422,    1.8810,   21.1111,  100.0000,  100.0000
          crafty_two-level-64-65536-12-0,    200000003,     22871125,    1.2075,    8.7447,    0.8403,    0.8546
                              gzip_2-bit,     50000003,      4774399,    1.7456,   10.4725,    0.8844,    0.8899
                         equake_combined,     50000000,      8255501,    1.8313,    6.0566,    0.9731,    0.9731
          apsi_two-level-1024-65536-12-0,    200000003,     22036673,    0.8962,    9.0758,    0.9949,    0.9953
            crafty_combined-1-65536-17-1,    200000003,     22871125,    1.3093,    8.7447,    0.9495,    0.9621
                         vortex_combined,     50000001,      7893819,    1.4145,    6.3341,    0.9687,    0.9743
                          mesa_two-level,     50000003,      8228300,    1.8425,    6.0766,    0.9279,    0.9288
           crafty_combined-64-65536-12-0,    200000003,     22871125,    1.2748,    8.7447,    0.9143,    0.9271
                           twolf_perfect,     50000001,      6836122,    1.7007,    7.3141,  100.0000,  100.0000
                          gzip_two-level,     50000002,      4774399,    1.7490,   10.4725,    0.8877,    0.8937
           ammp_combined-1024-65536-17-0,    200000001,     40594927,    0.7194,    4.9267,    0.9879,    0.9881
                          twolf_combined,     50000000,      6836121,    1.5477,    7.3141,    0.9189,    0.9213
         equake_combined-1024-65536-17-0,    200000001,     33049973,    1.8996,    6.0514,    0.9876,    0.9876
            equake_combined-1-65536-17-0,    200000003,     33049974,    1.8358,    6.0514,    0.9728,    0.9728
             ammp_two-level-1-65536-17-1,    200000001,     40594927,    0.7210,    4.9267,    0.9911,    0.9916
            ammp_two-level-64-65536-17-0,    200000001,     40594927,    0.7058,    4.9267,    0.9615,    0.9633
          equake_two-level-64-65536-17-0,    200000001,     33049973,    1.8397,    6.0514,    0.9650,    0.9650
           equake_two-level-1-65536-17-0,    200000003,     33049974,    1.5049,    6.0514,    0.8371,    0.8420
        crafty_two-level-1024-65536-12-0,    200000003,     22871125,    1.2738,    8.7447,    0.9117,    0.9245
                            parser_2-bit,     50000002,     11859004,    1.6438,    4.2162,    0.8988,    0.9364
                            gap_combined,     50000002,      3537929,    2.0401,   14.1326,    0.9735,    0.9842
                           bzip2_perfect,    200000001,     23326218,    2.2924,    8.5740,  100.0000,  100.0000
                               gap_2-bit,     50000002,      3537929,    2.0311,   14.1326,    0.9696,    0.9803
                          vortex_perfect,     50000001,      7893819,    1.4183,    6.3341,  100.0000,  100.0000
                          ammp_two-level,     50000002,     10243145,    0.6047,    4.8813,    0.8612,    0.8628
                           gcc_two-level,     50000001,      7956474,    1.1401,    6.2842,    0.7613,    0.7945
         crafty_combined-1024-65536-12-0,    200000003,     22871125,    1.2823,    8.7447,    0.9221,    0.9347
                             art_perfect,    200000000,     22813082,    0.5393,    8.7669,  100.0000,  100.0000
             ammp_two-level-1-65536-17-0,    200000001,     40594927,    0.6153,    4.9267,    0.8063,    0.8086
                           applu_perfect,    200000003,      1375197,    1.4300,  145.4337,  100.0000,  100.0000
                            swim_perfect,     50000000,      1613891,    1.7712,   30.9810,  100.0000,  100.0000
                               vpr_2-bit,     50000003,      5370900,    1.6259,    9.3094,    0.8595,    0.8598
                             mcf_perfect,     50000000,      1785714,    2.1538,   28.0000,  100.0000,  100.0000
             apsi_two-level-1-65536-12-0,    200000003,     22036673,    0.8782,    9.0758,    0.9367,    0.9371
                        parser_two-level,     50000001,     11859003,    1.5473,    4.2162,    0.8592,    0.9034
        crafty_two-level-1024-65536-17-0,    200000003,     22871125,    1.2705,    8.7447,    0.9084,    0.9214
                            ammp_perfect,    200000001,     40594927,    0.7264,    4.9267,  100.0000,  100.0000
                            apsi_perfect,    200000003,     22036673,    0.8981,    9.0758,  100.0000,  100.0000
                            equake_2-bit,    200000003,     33049974,    1.7947,    6.0514,    0.9590,    0.9590
                            gzip_perfect,     50000002,      4774399,    1.9240,   10.4725,  100.0000,  100.0000
        equake_two-level-1024-65536-12-0,    200000001,     33049973,    1.9059,    6.0514,    0.9894,    0.9894
                            gcc_combined,     50000001,      7956474,    1.2670,    6.2842,    0.8720,    0.9051
           crafty_two-level-1-65536-12-0,    200000003,     22871125,    1.2807,    8.7447,    0.9143,    0.9270
             apsi_combined-64-65536-12-0,    200000003,     22036673,    0.8962,    9.0758,    0.9949,    0.9952
             apsi_two-level-1-65536-17-0,    200000003,     22036673,    0.8385,    9.0758,    0.7818,    0.7822
              apsi_combined-1-65536-17-0,    200000003,     22036673,    0.8945,    9.0758,    0.9917,    0.9921
           equake_combined-64-65536-17-0,    200000001,     33049973,    1.8867,    6.0514,    0.9845,    0.9845
                           apsi_combined,     50000002,      4455065,    1.9426,   11.2232,    0.9845,    0.9863
                          parser_perfect,     50000001,     11859003,    2.2036,    4.2162,  100.0000,  100.0000
                           gap_two-level,     50000000,      3537928,    2.0025,   14.1326,    0.9457,    0.9567
             ammp_combined-64-65536-17-0,    200000001,     40594927,    0.7168,    4.9267,    0.9825,    0.9829
                         parser_combined,     50000001,     11859003,    1.6914,    4.2162,    0.9088,    0.9469
            equake_combined-1-65536-17-1,    200000001,     33049973,    1.8949,    6.0514,    0.9877,    0.9877
            crafty_combined-1-65536-17-0,    200000003,     22871125,    1.2816,    8.7447,    0.9213,    0.9341
                          galgel_perfect,     50000001,      5279708,    1.4880,    9.4702,  100.0000,  100.0000
                            vpr_combined,     50000003,      5370900,    1.6278,    9.3094,    0.8612,    0.8616
           crafty_two-level-1-65536-17-0,    200000003,     22871125,    1.1969,    8.7447,    0.8202,    0.8329
                            vortex_2-bit,     50000001,      7893819,    1.4103,    6.3341,    0.9648,    0.9703
           crafty_two-level-1-65536-17-1,    200000003,     22871125,    1.2997,    8.7447,    0.9401,    0.9529
                            mesa_perfect,     50000003,      8228300,    2.0816,    6.0766,  100.0000,  100.0000
           ammp_combined-1024-65536-12-0,    200000001,     40594927,    0.7197,    4.9267,    0.9882,    0.9883
                             gap_perfect,     50000000,      3537928,    2.0770,   14.1326,  100.0000,  100.0000
                           mesa_combined,     50000003,      8228300,    1.9618,    6.0766,    0.9687,    0.9687
                              mesa_2-bit,     50000003,      8228300,    1.8947,    6.0766,    0.9584,    0.9584
                              ammp_2-bit,    200000001,     40594927,    0.7113,    4.9267,    0.9767,    0.9773
                          crafty_perfect,    200000003,     22871125,    1.3532,    8.7447,  100.0000,  100.0000
          equake_two-level-64-65536-12-0,    200000001,     33049973,    1.8369,    6.0514,    0.9663,    0.9663
                        equake_two-level,     50000000,      8255501,    1.6319,    6.0566,    0.8891,    0.8891
            apsi_two-level-64-65536-12-0,    200000003,     22036673,    0.8955,    9.0758,    0.9932,    0.9936
                           ammp_combined,     50000002,     10243145,    0.6809,    4.8813,    0.9844,    0.9850
           equake_two-level-1-65536-12-0,    200000001,     33049973,    1.8766,    6.0514,    0.9807,    0.9807
           apsi_combined-1024-65536-17-0,    200000003,     22036673,    0.8963,    9.0758,    0.9952,    0.9956
                         twolf_two-level,     50000000,      6836121,    1.4667,    7.3141,    0.8543,    0.8586
          crafty_two-level-64-65536-17-0,    200000003,     22871125,    1.1963,    8.7447,    0.8276,    0.8422
              ammp_combined-1-65536-17-1,    200000001,     40594927,    0.7210,    4.9267,    0.9913,    0.9918
                            crafty_6-bit,    200000003,     22871125,    1.2485,    8.7447,    0.8889,    0.9018
                             twolf_3-bit,    200000002,     23500991,    1.3186,    8.5103,    0.8510,    0.8547
                               mcf_6-bit,    200000000,     32208613,    1.0259,    6.2095,    0.9157,    0.9161
                               gap_3-bit,    200000001,     13908511,    1.8597,   14.3797,    0.8967,    0.9181
                            parser_5-bit,    200000000,     46152439,    1.5945,    4.3335,    0.8906,    0.9232
                             mgrid_5-bit,    200000000,      4837266,    1.5035,   41.3457,    0.9859,    0.9860
                               gcc_5-bit,    200000001,     32207148,    1.2664,    6.2098,    0.8571,    0.8861
                            crafty_3-bit,    200000003,     22871125,    1.2567,    8.7447,    0.8975,    0.9103
                               vpr_1-bit,    200000002,     21488105,    1.5925,    9.3075,    0.8395,    0.8402
                            parser_4-bit,    200000002,     46152440,    1.5891,    4.3335,    0.8898,    0.9222
                              ammp_3-bit,    200000001,     40594927,    0.7109,    4.9267,    0.9762,    0.9763
                            parser_6-bit,    200000000,     46152439,    1.5949,    4.3335,    0.8906,    0.9233
                              apsi_6-bit,    200000003,     22036673,    0.8892,    9.0758,    0.9836,    0.9840
                             mgrid_3-bit,    200000000,      4837266,    1.5035,   41.3457,    0.9860,    0.9861
                            crafty_5-bit,    200000003,     22871125,    1.2515,    8.7447,    0.8921,    0.9050
                              mesa_6-bit,    200000002,     32911843,    1.8816,    6.0768,    0.9557,    0.9557
                             twolf_6-bit,    200000002,     23500991,    1.3236,    8.5103,    0.8535,    0.8573
                               gcc_6-bit,    200000001,     32207148,    1.2557,    6.2098,    0.8491,    0.8780
                            vortex_1-bit,    200000000,     32205804,    1.3428,    6.2101,    0.9636,    0.9691
                               mcf_3-bit,    200000000,     32208613,    1.0388,    6.2095,    0.9243,    0.9246
                               mcf_1-bit,    200000000,     32208613,    1.0009,    6.2095,    0.8986,    0.8993
                             twolf_5-bit,    200000002,     23500991,    1.3236,    8.5103,    0.8539,    0.8576
                               gap_5-bit,    200000001,     13908511,    1.8506,   14.3797,    0.8886,    0.9100
                            equake_6-bit,    200000003,     33049974,    1.7984,    6.0514,    0.9598,    0.9598
                              apsi_5-bit,    200000003,     22036673,    0.8891,    9.0758,    0.9839,    0.9843
                              gzip_5-bit,    200000001,     19542605,    1.8108,   10.2341,    0.9055,    0.9087
                               gap_6-bit,    200000001,     13908511,    1.8497,   14.3797,    0.8881,    0.9097
                              gzip_6-bit,    200000001,     19542605,    1.8090,   10.2341,    0.9030,    0.9063
                            equake_1-bit,    200000003,     33049974,    1.6953,    6.0514,    0.9279,    0.9279
                              mesa_1-bit,    200000002,     32911843,    1.8618,    6.0768,    0.9442,    0.9442
                            vortex_3-bit,    200000000,     32205804,    1.3458,    6.2101,    0.9688,    0.9746
                            vortex_6-bit,    200000000,     32205804,    1.3451,    6.2101,    0.9689,    0.9747
                             mgrid_6-bit,    200000000,      4837266,    1.5035,   41.3457,    0.9859,    0.9859
                            equake_3-bit,    200000003,     33049974,    1.7975,    6.0514,    0.9593,    0.9593
                              mesa_5-bit,    200000002,     32911843,    1.8819,    6.0768,    0.9559,    0.9559
                               mcf_4-bit,    200000000,     32208613,    1.0370,    6.2095,    0.9232,    0.9237
                               gap_4-bit,    200000001,     13908511,    1.8524,   14.3797,    0.8903,    0.9116
                             mgrid_4-bit,    200000000,      4837266,    1.5035,   41.3457,    0.9860,    0.9860
                             mgrid_1-bit,    200000000,      4837266,    1.5014,   41.3457,    0.9689,    0.9689
                            crafty_1-bit,    200000003,     22871125,    1.2274,    8.7447,    0.8628,    0.8758
                             twolf_4-bit,    200000002,     23500991,    1.3228,    8.5103,    0.8538,    0.8574
                              ammp_6-bit,    200000001,     40594927,    0.7093,    4.9267,    0.9735,    0.9735
                              apsi_4-bit,    200000003,     22036673,    0.8901,    9.0758,    0.9849,    0.9853
                             twolf_1-bit,    200000002,     23500991,    1.2327,    8.5103,    0.7674,    0.7747
                               mcf_5-bit,    200000000,     32208613,    1.0312,    6.2095,    0.9190,    0.9194
                               gcc_3-bit,    200000001,     32207148,    1.2798,    6.2098,    0.8672,    0.8960
                              apsi_3-bit,    200000003,     22036673,    0.8921,    9.0758,    0.9873,    0.9877
                              gzip_4-bit,    200000001,     19542605,    1.8118,   10.2341,    0.9069,    0.9102
                              mesa_4-bit,    200000002,     32911843,    1.8822,    6.0768,    0.9560,    0.9560
                            crafty_4-bit,    200000003,     22871125,    1.2547,    8.7447,    0.8954,    0.9083
                              ammp_1-bit,    200000001,     40594927,    0.7025,    4.9267,    0.9614,    0.9629
                              ammp_4-bit,    200000001,     40594927,    0.7097,    4.9267,    0.9743,    0.9743
                            equake_5-bit,    200000003,     33049974,    1.7985,    6.0514,    0.9598,    0.9598
                               vpr_4-bit,    200000002,     21488105,    1.6439,    9.3075,    0.8688,    0.8688
                            vortex_4-bit,    200000000,     32205804,    1.3457,    6.2101,    0.9689,    0.9747
                               vpr_6-bit,    200000002,     21488105,    1.6453,    9.3075,    0.8705,    0.8705
                            vortex_5-bit,    200000000,     32205804,    1.3455,    6.2101,    0.9690,    0.9748
                              mesa_3-bit,    200000002,     32911843,    1.8747,    6.0768,    0.9540,    0.9540
                            equake_4-bit,    200000003,     33049974,    1.7985,    6.0514,    0.9598,    0.9598
                            parser_3-bit,    200000002,     46152440,    1.6149,    4.3335,    0.8965,    0.9291
                              apsi_1-bit,    200000003,     22036673,    0.8888,    9.0758,    0.9799,    0.9803
                              gzip_1-bit,    200000001,     19542605,    1.7189,   10.2341,    0.8627,    0.8659
                              gzip_3-bit,    200000001,     19542605,    1.8093,   10.2341,    0.9066,    0.9099
                               gcc_1-bit,    200000001,     32207148,    1.2307,    6.2098,    0.8352,    0.8633
                               vpr_5-bit,    200000002,     21488105,    1.6455,    9.3075,    0.8699,    0.8699
                               gcc_4-bit,    200000001,     32207148,    1.2744,    6.2098,    0.8630,    0.8919
                              ammp_5-bit,    200000001,     40594927,    0.7092,    4.9267,    0.9733,    0.9733
                            parser_1-bit,    200000002,     46152440,    1.5724,    4.3335,    0.8851,    0.9203
                               gap_1-bit,    200000003,     13908511,    1.8360,   14.3797,    0.8706,    0.8914
                               vpr_3-bit,    200000002,     21488105,    1.6393,    9.3075,    0.8663,    0.8663
                                go_1-bit,    545811932,     73904302,    1.2438,    7.3854,    0.7272,    0.7360
                                go_3-bit,    545811932,     73904302,    1.3325,    7.3854,    0.7897,    0.7990
                               gcc_5-bit,    337341100,     58872883,    1.2123,    5.7300,    0.8492,    0.8770
                                go_4-bit,    545811932,     73904302,    1.3320,    7.3854,    0.7894,    0.7987
                           anagram_3-bit,     25597558,      3778374,    2.1881,    6.7748,    0.9616,    0.9617
                        compress95_1-bit,        88124,         5205,    1.8102,   16.9306,    0.9560,    0.9804
                               gcc_6-bit,    337341100,     58872883,    1.1971,    5.7300,    0.8382,    0.8661
                           anagram_4-bit,     25597558,      3778374,    2.1854,    6.7748,    0.9611,    0.9612
                        compress95_6-bit,        88124,         5205,    1.8049,   16.9306,    0.9527,    0.9720
                           anagram_6-bit,     25597558,      3778374,    2.1794,    6.7748,    0.9599,    0.9600
                               gcc_3-bit,    337341100,     58872883,    1.2349,    5.7300,    0.8657,    0.8930
                                go_6-bit,    545811932,     73904302,    1.3236,    7.3854,    0.7849,    0.7942
                           anagram_1-bit,     25597558,      3778374,    2.0719,    6.7748,    0.9334,    0.9335
                        compress95_3-bit,        88124,         5205,    1.8049,   16.9306,    0.9527,    0.9720
                        compress95_4-bit,        88124,         5205,    1.8049,   16.9306,    0.9527,    0.9720
                               gcc_1-bit,    337341100,     58872883,    1.1862,    5.7300,    0.8370,    0.8641
                               gcc_4-bit,    337341100,     58872883,    1.2248,    5.7300,    0.8584,    0.8860
                           anagram_5-bit,     25597558,      3778374,    2.1823,    6.7748,    0.9605,    0.9606
                                go_5-bit,    545811932,     73904302,    1.3282,    7.3854,    0.7872,    0.7965
                        compress95_5-bit,        88124,         5205,    1.8049,   16.9306,    0.9527,    0.9720
